node4,
13.939246009689858,
13.939246009689858,
13.939246009689858,
13.939246009689858,
13.939246009689858,
13.939246009689858,
17.918075583760817,
17.918075583760817,
17.918075583760817,
17.918075583760817,
17.918075583760817,
17.918075583760817,
17.918075583760817,
17.918075583760817,
17.918075583760817,
17.918075583760817,
17.918075583760817,
