node4,
1.1480716281467014,
1.1480716281467014,
1.1480716281467014,
1.1480716281467014,
1.1480716281467014,
1.1480716281467014,
1.4339903089735244,
1.4339903089735244,
1.4339903089735244,
1.4339903089735244,
1.4339903089735244,
1.4339903089735244,
1.4339903089735244,
1.4339903089735244,
1.4339903089735244,
1.4339903089735244,
1.4339903089735244,
