node4,
13.657760717011826,
13.657760717011826,
13.657760717011826,
13.657760717011826,
13.657760717011826,
18.44612475571272,
18.44612475571272,
18.44612475571272,
18.44612475571272,
18.44612475571272,
18.44612475571272,
18.44612475571272,
18.44612475571272,
18.44612475571272,
18.44612475571272,
18.44612475571272,
18.44612475571272,
18.44612475571272,
18.44612475571272,
18.44612475571272,
18.490502188625392,
18.490502188625392,
18.490502188625392,
