master,node1,node2,node3,
0.47372538248697915,0.14233155240906392,0.08474171956380208,0.6931884524191684,
0.47372538248697915,0.14233155240906392,0.08474171956380208,0.6931884524191684,
0.47372538248697915,0.14233155240906392,0.08474171956380208,0.6931884524191684,
0.5286563449435764,0.14233155240906392,0.08474171956380208,0.7030393560156127,
0.5286563449435764,0.14233155240906392,0.08474171956380208,0.7030393560156127,
0.5286563449435764,0.14233155240906392,0.08474171956380208,0.7030393560156128,
0.5286563449435764,0.14233155240906392,0.088730392515401,0.7030393560156128,
0.5286563449435764,0.14233155240906392,0.088730392515401,0.7030393560156128,
