node4,
2.580500392685381,
2.580500392685381,
2.580500392685381,
2.580500392685381,
2.580500392685381,
2.580500392685381,
2.580500392685381,
2.580500392685381,
5.005952823871718,
5.005952823871718,
5.005952823871718,
5.005952823871718,
5.005952823871718,
5.005952823871718,
5.005952823871718,
5.005952823871718,
5.005952823871718,
5.005952823871718,
5.005952823871718,
5.005952823871718,
5.005952823871718,
5.005952823871718,
5.005952823871718,
7.380368554018957,
7.380368554018957,
