node4,
13.890762566586476,
13.890762566586476,
14.19074523190583,
14.19074523190583,
14.19074523190583,
14.19074523190583,
14.19074523190583,
14.19074523190583,
14.19074523190583,
14.19074523190583,
14.19074523190583,
14.19074523190583,
14.19074523190583,
14.19074523190583,
14.19074523190583,
14.19074523190583,
14.19074523190583,
14.118804681079277,
14.118804681079277,
14.118804681079277,
14.118804681079277,
14.118804681079277,
14.118804681079277,
14.118804681079277,
14.118804681079277,
14.118804681079277,
14.118804681079277,
14.118804681079277,
14.118804681079277,
14.118804681079277,
14.118804681079277,
14.118804681079277,
14.513924822124386,
14.513924822124386,
14.513924822124386,
14.513924822124386,
14.513924822124386,
14.513924822124386,
14.513924822124386,
14.513924822124386,
14.513924822124386,
14.513924822124386,
14.513924822124386,
14.513924822124386,
14.513924822124386,
14.513924822124386,
14.513924822124386,
14.761935968356564,
14.761935968356564,
14.761935968356564,
14.761935968356564,
14.761935968356564,
14.761935968356564,
14.761935968356564,
14.761935968356564,
14.761935968356564,
14.761935968356564,
14.761935968356564,
14.761935968356564,
14.761935968356564,
14.761935968356564,
14.761935968356564,
