node4,
0.0,
0.3626512096774194,
0.3626512096774194,
