node4,
3.6462000000000003,
3.6231,
3.6153999999999993,
3.6115499999999994,
4.010266666666667,
