node4,
13.912544747380366,
13.912544747380366,
13.912544747380366,
13.912544747380366,
13.912544747380366,
13.912544747380366,
19.23294200752514,
19.23294200752514,
19.23294200752514,
19.23294200752514,
19.23294200752514,
19.23294200752514,
19.23294200752514,
19.23294200752514,
19.23294200752514,
19.23294200752514,
19.23294200752514,
19.23294200752514,
19.23294200752514,
19.23294200752514,
19.23294200752514,
19.17162016820169,
19.17162016820169,
19.17162016820169,
19.17162016820169,
19.17162016820169,
19.17162016820169,
19.17162016820169,
19.17162016820169,
19.17162016820169,
19.17162016820169,
19.17162016820169,
19.17162016820169,
19.17162016820169,
19.17162016820169,
19.17162016820169,
