node4,
6.125935416779327,
6.125935416779327,
6.125935416779327,
6.125935416779327,
6.125935416779327,
6.125935416779327,
6.125935416779327,
6.125935416779327,
4.082316165523747,
4.082316165523747,
4.082316165523747,
4.082316165523747,
4.082316165523747,
4.082316165523747,
4.082316165523747,
4.082316165523747,
4.082316165523747,
4.082316165523747,
4.082316165523747,
4.082316165523747,
4.082316165523747,
4.082316165523747,
4.082316165523747,
6.220727083489486,
6.220727083489486,
6.220727083489486,
6.220727083489486,
6.220727083489486,
6.220727083489486,
6.220727083489486,
6.220727083489486,
6.220727083489486,
6.220727083489486,
6.220727083489486,
6.220727083489486,
6.220727083489486,
6.220727083489486,
6.220727083489486,
8.483476518288946,
8.483476518288946,
8.483476518288946,
8.483476518288946,
8.483476518288946,
8.483476518288946,
8.483476518288946,
8.483476518288946,
8.483476518288946,
8.483476518288946,
8.483476518288946,
8.483476518288946,
8.483476518288946,
8.483476518288946,
8.483476518288946,
10.697373288946554,
10.697373288946554,
10.697373288946554,
10.697373288946554,
10.697373288946554,
10.697373288946554,
10.697373288946554,
10.697373288946554,
10.697373288946554,
10.697373288946554,
10.697373288946554,
10.697373288946554,
10.697373288946554,
10.697373288946554,
10.697373288946554,
10.847219915481665,
10.847219915481665,
10.847219915481665,
10.847219915481665,
10.847219915481665,
10.847219915481665,
