node4,
2.0315184736972385,
2.032701691063775,
2.0338849084303114,
2.035068125796848,
2.0362513431633844,
2.037434560529921,
2.0386177778964574,
2.039800995262994,
3.2681749627092147,
3.269574219097561,
3.2709734754859072,
3.2723727318742535,
3.2737719882626,
3.2751712446509464,
3.2765705010392927,
3.277969757427639,
3.2793690138159857,
3.280768270204332,
3.282167526592678,
3.2835667829810244,
3.2849660393693707,
3.286365295757717,
3.2877645521460637,
24.050632018263073,
24.05771529508237,
24.064798571901672,
24.07188184872097,
24.07896512554027,
24.08604840235957,
24.09313167917887,
24.10021495599817,
24.10729823281747,
24.11438150963677,
24.12146478645607,
24.12854806327537,
24.13563134009467,
24.14271461691397,
24.14979789373327,
23.715823670942516,
23.685253708826696,
23.68727950804816,
23.689305307269624,
23.691331106491084,
23.693356905712548,
23.695382704934012,
23.697408504155472,
23.699434303376936,
23.7014601025984,
23.700878259819874,
23.69898016818576,
23.697082076551645,
23.69518398491753,
23.693285893283416,
22.452084117245143,
22.453434650059453,
22.45478518287376,
22.45613571568807,
22.457486248502377,
22.458836781316688,
22.460187314130994,
22.461537846945305,
22.459553335949934,
22.454607346411812,
22.449661356873687,
22.44343514526367,
22.43713862291124,
22.43084210055881,
22.42454557820638,
1.4027296278211805,
1.4027296278211805,
1.4027296278211805,
1.4027296278211805,
1.4027296278211805,
1.4027296278211805,
