node4,
2.5894968073408076,
2.5894968073408076,
2.5894968073408076,
2.5894968073408076,
2.5894968073408076,
