node4,
13.791307682125538,
13.791307682125538,
13.791307682125538,
13.791307682125538,
13.791307682125538,
