node4,
1.261453416612413,
1.261453416612413,
1.261453416612413,
1.261453416612413,
1.261453416612413,
