node4,
6.472767691742154,
6.472767691742154,
6.472767691742154,
5.179045955440708,
5.179045955440708,
5.179045955440708,
5.179045955440708,
5.179045955440708,
5.179045955440708,
5.179045955440708,
5.179045955440708,
5.179045955440708,
5.179045955440708,
5.179045955440708,
5.179045955440708,
5.179045955440708,
5.179045955440708,
5.179045955440708,
7.152381657902107,
7.152381657902107,
7.152381657902107,
7.152381657902107,
7.152381657902107,
7.152381657902107,
7.152381657902107,
7.152381657902107,
7.152381657902107,
7.152381657902107,
