node4,
0.0,
0.0,
0.0,
36.65733333333333,
50.257333333333335,
