node4,
1.4730129665798612,
1.4730129665798612,
1.4730129665798612,
1.4569317287868921,
1.4569317287868921,
1.4569317287868921,
1.4569317287868921,
1.4569317287868921,
1.4569317287868921,
1.4569317287868921,
1.4569317287868921,
1.4569317287868921,
1.4569317287868921,
1.4569317287868921,
1.4569317287868921,
1.4569317287868921,
1.4569317287868921,
1.4569317287868921,
1.6101989940219457,
1.6104222385830351,
1.6106454831441246,
1.610868727705214,
1.6110919722663033,
1.6113152168273928,
1.6115384613884822,
1.6117617059495717,
1.611984950510661,
1.6122081950717504,
