node4,
13.201692749452722,
13.201692749452722,
13.201692749452722,
13.201692749452722,
13.201692749452722,
13.201692749452722,
13.201692749452722,
13.201692749452722,
13.201692749452722,
13.201692749452722,
13.201692749452722,
13.201692749452722,
13.201692749452722,
13.432141555067206,
13.432141555067206,
13.432141555067206,
13.432141555067206,
13.432141555067206,
13.432141555067206,
13.432141555067206,
13.432141555067206,
13.432141555067206,
13.432141555067206,
13.432141555067206,
13.432141555067206,
