node4,
0.4856350806451613,
0.4856350806451613,
