node4,
36.3174,
45.4057,
32.002849999999995,
33.04228,
