node4,
1.168710666232639,
1.168710666232639,
1.168710666232639,
1.168710666232639,
1.510581800672743,
1.510581800672743,
1.510581800672743,
1.510581800672743,
1.510581800672743,
1.510581800672743,
1.510581800672743,
1.510581800672743,
1.510581800672743,
1.510581800672743,
1.510581800672743,
1.510581800672743,
1.510581800672743,
1.510581800672743,
1.510581800672743,
1.5984117080688476,
1.597935825898912,
1.5980631562550862,
1.5981904866112602,
1.5983178169674341,
1.598445147323608,
1.5985724776797823,
1.5986998080359562,
1.5988271383921304,
1.5989544687483044,
1.5990817991044783,
1.5992091294606525,
1.5993364598168265,
1.5994637901730007,
