node4,
2.7489616896061553,
2.7489616896061553,
2.7489616896061553,
2.7489616896061553,
2.7489616896061553,
4.789639195399009,
4.789639195399009,
4.789639195399009,
4.789639195399009,
4.789639195399009,
4.789639195399009,
4.789639195399009,
4.789639195399009,
4.789639195399009,
4.789639195399009,
4.789639195399009,
4.789639195399009,
4.789639195399009,
4.789639195399009,
4.789639195399009,
7.74267747500772,
7.74267747500772,
7.74267747500772,
7.74267747500772,
7.74267747500772,
7.74267747500772,
