node4,
0.0,
13.4904,
25.4772,
25.384800000000002,
27.751799999999996,
