node4,
14.040847402448515,
14.040847402448515,
14.040847402448515,
14.040847402448515,
14.040847402448515,
17.452828040943672,
17.452828040943672,
17.452828040943672,
17.452828040943672,
17.452828040943672,
17.452828040943672,
17.452828040943672,
17.452828040943672,
17.452828040943672,
17.452828040943672,
17.452828040943672,
17.452828040943672,
17.452828040943672,
17.452828040943672,
17.452828040943672,
17.370366347173,
17.370366347173,
17.370366347173,
17.370366347173,
17.370366347173,
17.370366347173,
