node4,
1.4149680243598088,
1.4149680243598088,
1.4149680243598088,
1.4149680243598088,
1.4149680243598088,
5.812650892469619,
5.812650892469619,
5.812650892469619,
5.812650892469619,
5.812650892469619,
5.812650892469619,
5.812650892469619,
5.812650892469619,
5.812650892469619,
5.812650892469619,
5.812650892469619,
5.812650892469619,
5.812650892469619,
5.812650892469619,
5.812650892469619,
8.584090338812933,
8.584090338812933,
8.584090338812933,
8.584090338812933,
8.584090338812933,
8.584090338812933,
