node4,
5.321285140565601,
5.321285140565601,
