node4,
13.125499835596978,
13.125499835596978,
