node4,
8.4373595767551,
8.4373595767551,
