node4,
2.7353536103350673,
2.7353536103350673,
2.7353536103350673,
4.066643113484059,
4.066643113484059,
4.066643113484059,
4.066643113484059,
4.066643113484059,
4.066643113484059,
4.066643113484059,
4.066643113484059,
4.066643113484059,
4.066643113484059,
4.066643113484059,
4.066643113484059,
4.066643113484059,
4.066643113484059,
4.066643113484059,
7.050925410779785,
7.050925410779785,
7.050925410779785,
7.050925410779785,
7.050925410779785,
7.050925410779785,
7.050925410779785,
7.050925410779785,
7.050925410779785,
7.050925410779785,
7.050925410779785,
7.050925410779785,
7.050925410779785,
7.050925410779785,
7.050925410779785,
9.689979974777785,
9.689979974777785,
