node4,
1.2291642930772573,
1.2291642930772573,
1.2291642930772573,
1.3260277642144098,
1.3260277642144098,
1.3260277642144098,
1.3260277642144098,
1.3260277642144098,
1.3260277642144098,
1.3260277642144098,
1.3260277642144098,
1.3260277642144098,
1.3260277642144098,
1.3260277642144098,
1.3260277642144098,
1.3260277642144098,
1.3260277642144098,
1.3260277642144098,
8.328024630652534,
8.332528304629855,
8.337031978607179,
8.3415356525845,
8.346039326561822,
8.350543000539144,
8.355046674516466,
8.359550348493789,
8.36405402247111,
8.368557696448432,
8.373061370425754,
8.377565044403077,
8.382068718380399,
8.38657239235772,
8.391076066335042,
11.947310256534152,
11.951813930511474,
