node4,
5.424213182897974,
5.424213182897974,
5.424213182897974,
4.264424060878791,
4.264424060878791,
4.264424060878791,
4.264424060878791,
4.264424060878791,
4.264424060878791,
