node4,
12.988537970918715,
12.988537970918715,
12.988537970918715,
13.407619323908428,
13.407619323908428,
13.407619323908428,
13.407619323908428,
13.407619323908428,
13.407619323908428,
