node4,
4.764617411295573,
4.764617411295573,
4.764617411295573,
1.3326766967773436,
1.3326766967773436,
1.3326766967773436,
1.3326766967773436,
1.3326766967773436,
1.3326766967773436,
