node4,
4.069724225081039,
4.069724225081039,
4.069724225081039,
4.069724225081039,
4.069724225081039,
4.069724225081039,
4.893751628150433,
4.893751628150433,
