node4,
13.061039540959444,
13.061039540959444,
13.061039540959444,
13.061039540959444,
13.061039540959444,
13.061039540959444,
13.026183173261272,
13.026183173261272,
