node4,
1.1785442776150172,
1.1785442776150172,
1.1785442776150172,
1.1785442776150172,
1.1785442776150172,
1.1785442776150172,
1.7446431477864583,
1.7446431477864583,
