node4,
2.845680164207709,
2.845680164207709,
2.845680164207709,
2.845680164207709,
2.845680164207709,
5.230483271373476,
