node4,
13.718602844253585,
13.718602844253585,
13.718602844253585,
13.718602844253585,
13.718602844253585,
18.73431788682112,
