node4,
1.2722274780273437,
1.2722274780273437,
1.2722274780273437,
1.2722274780273437,
1.2722274780273437,
6.562961663140192,
