node4,
5.98102086962875,
5.98102086962875,
