node4,
13.049160568902753,
13.049160568902753,
