node4,
8.145986768934462,
8.145986768934462,
