node4,
2.603642865123812,
3.3093927805235457,
3.3093927805235457,
3.3093927805235457,
3.3093927805235457,
3.3093927805235457,
3.3093927805235457,
