node4,
12.971121983139502,
13.267136860393377,
13.267136860393377,
13.267136860393377,
13.267136860393377,
13.267136860393377,
13.267136860393377,
