node4,
1.2402028401692708,
1.1277457343207464,
1.1277457343207464,
1.1277457343207464,
1.1277457343207464,
1.1277457343207464,
1.1277457343207464,
