node4,
0.0,
0.0,
0.0,
0.0,
0.0,
0.0,
0.0,
0.0,
6.5141333333333336,
7.314133333333333,
8.152177777777778,
