node4,
1.5639795939127605,
1.5639795939127605,
1.5639795939127605,
1.5639795939127605,
1.5639795939127605,
1.5639795939127605,
1.5639795939127605,
1.5639795939127605,
1.5639795939127605,
1.5639795939127605,
1.5639795939127605,
1.5639795939127605,
1.5639795939127605,
1.5639795939127605,
1.5639795939127605,
11.23310406273736,
11.234402424621583,
11.235700786505806,
11.236999148390028,
11.238297510274252,
11.239595872158475,
11.240894234042699,
11.242192595926921,
11.243490957811144,
11.244789319695368,
11.24608768157959,
11.247386043463814,
11.248684405348037,
11.24998276723226,
11.251281129116483,
17.644958504655623,
17.646589385223386,
17.648220265791146,
17.64985114635891,
17.651482026926672,
17.653112907494435,
17.6547437880622,
17.65637466862996,
17.65800554919772,
17.659636429765484,
17.661267310333248,
17.66289819090101,
17.664529071468774,
17.666159952036537,
17.667790832604297,
25.712344666148997,
25.714236905754934,
25.716129145360874,
25.718021384966814,
25.71991362457275,
25.72180586417869,
25.72369810378463,
25.725590343390568,
25.727482582996508,
25.72937482260245,
25.731267062208385,
25.733159301814325,
25.735051541420262,
25.736943781026202,
25.738836020632142,
26.017182810126407,
26.019540496487082,
26.02189818284776,
26.024255869208435,
26.026613555569114,
26.028971241929792,
26.031327989366314,
26.031327989366314,
26.031327989366314,
26.031327989366314,
26.031327989366314,
26.031327989366314,
26.031327989366314,
26.031327989366314,
26.031327989366314,
23.95157809787326,
23.95157809787326,
23.95157809787326,
23.95157809787326,
23.95157809787326,
23.95157809787326,
23.95157809787326,
23.95157809787326,
23.95157809787326,
23.95157809787326,
23.95157809787326,
23.95157809787326,
23.95157809787326,
23.95157809787326,
23.95157809787326,
15.745844692654078,
15.745844692654078,
15.745844692654078,
15.745844692654078,
15.745844692654078,
