node4,
5.589449797253899,
5.589449797253899,
5.589449797253899,
5.589449797253899,
