node4,
13.166519283937841,
13.166519283937841,
13.166519283937841,
13.166519283937841,
