node4,
10.561679716389975,
10.565513300645618,
10.56934688490126,
10.573180469156902,
