node4,
3.379207736657708,
3.379207736657708,
3.379207736657708,
3.379207736657708,
3.379207736657708,
3.379207736657708,
3.379207736657708,
