node4,
14.013048493850416,
14.013048493850416,
14.013048493850416,
14.013048493850416,
14.013048493850416,
14.013048493850416,
14.013048493850416,
