node4,
1.2247182210286458,
1.2247182210286458,
1.2247182210286458,
1.2247182210286458,
1.2247182210286458,
1.2247182210286458,
1.2247182210286458,
