node4,
2.9167209211474865,
2.9167209211474865,
2.9167209211474865,
2.9167209211474865,
2.9167209211474865,
2.9167209211474865,
5.131207255426018,
5.131207255426018,
5.131207255426018,
