node4,
13.854369494084256,
13.854369494084256,
13.854369494084256,
13.854369494084256,
13.854369494084256,
13.854369494084256,
19.566415080716844,
19.566415080716844,
19.566415080716844,
