node4,
1.3304105615403916,
1.330323052385118,
1.3302355432298447,
1.330148034074571,
1.3300605249192978,
1.3299730157640242,
1.3638656616210936,
1.3638656616210936,
1.3638656616210936,
