node4,
0.17615927419354838,
0.17615927419354838,
0.17615927419354838,
0.17615927419354838,
0.17615927419354838,
0.17615927419354838,
0.17615927419354838,
0.17615927419354838,
0.17615927419354838,
