node4,
4.559129401275907,
4.559129401275907,
