node4,
13.0526242527468,
13.0526242527468,
