node4,
1.2471354166666664,
1.2471354166666664,
